experiment,label,base,seed,yardstick,own_fitness,symmetry,loop,similarity,elapsed_s,gen_of_best,final_diversity
crossover,single_point,{},0,0.6433308530927676,0.6433308530927676,0.5466666666666667,0.64,0.7433258926116362,59.72,25,0.6333333333333333
crossover,single_point,{},1,0.6419696878182091,0.6419696878182091,0.5466666666666667,0.64,0.7392423967879608,90.71,27,0.6
crossover,single_point,{},2,0.6430885295825364,0.6430885295825364,0.5466666666666667,0.64,0.7425989220809424,62.91,29,0.6333333333333333
crossover,two_point,{},0,0.6607175990884993,0.6607175990884993,0.7599999999999999,0.48,0.7421527972654981,129.81,30,0.7333333333333333
crossover,two_point,{},1,0.6603686352173037,0.6603686352173037,0.7599999999999999,0.48,0.7411059056519114,153.5,22,0.8333333333333334
crossover,two_point,{},2,0.6340025180039289,0.6340025180039289,0.6000000000000001,0.56,0.7420075540117866,59.79,21,0.8
crossover,uniform,{},0,0.6433308530927676,0.6433308530927676,0.5466666666666667,0.64,0.7433258926116362,128.97,29,0.7666666666666667
crossover,uniform,{},1,0.6434270755768646,0.6434270755768646,0.5466666666666667,0.64,0.7436145600639272,152.12,20,0.7333333333333333
crossover,uniform,{},2,0.6431766682655005,0.6431766682655005,0.5466666666666667,0.64,0.7428633381298346,147.39,14,0.8333333333333334
crossover,block,{},0,0.6434270755768646,0.6434270755768646,0.5466666666666667,0.64,0.7436145600639272,149.51,30,0.8
crossover,block,{},1,0.6419696878182091,0.6419696878182091,0.5466666666666667,0.64,0.7392423967879608,166.91,28,0.8
crossover,block,{},2,0.6611873877109176,0.6611873877109176,0.7599999999999999,0.48,0.743562163132753,172.84,26,0.7333333333333333
mutation,flip,"{""crossover_method"": ""block""}",0,0.6434270755768646,0.6434270755768646,0.5466666666666667,0.64,0.7436145600639272,159.51,30,0.8
mutation,flip,"{""crossover_method"": ""block""}",1,0.6419696878182091,0.6419696878182091,0.5466666666666667,0.64,0.7392423967879608,183.15,28,0.8
mutation,flip,"{""crossover_method"": ""block""}",2,0.6611873877109176,0.6611873877109176,0.7599999999999999,0.48,0.743562163132753,144.95,26,0.7333333333333333
mutation,block_flip,"{""crossover_method"": ""block""}",0,0.6607862490388831,0.6607862490388831,0.7599999999999999,0.48,0.7423587471166494,144.13,19,1.0
mutation,block_flip,"{""crossover_method"": ""block""}",1,0.6602447481355472,0.6602447481355472,0.7600000000000001,0.48,0.7407342444066418,144.21,28,0.9666666666666667
mutation,block_flip,"{""crossover_method"": ""block""}",2,0.643270651137546,0.643270651137546,0.5466666666666667,0.64,0.7431452867459714,156.55,29,0.9666666666666667
mutation,symmetric_flip,"{""crossover_method"": ""block""}",0,0.6079937976009591,0.6079937976009591,0.52,0.56,0.7439813928028772,111.65,9,0.4666666666666667
mutation,symmetric_flip,"{""crossover_method"": ""block""}",1,0.6334661754219213,0.6334661754219213,0.68,0.48,0.7403985262657641,155.76,27,0.4666666666666667
mutation,symmetric_flip,"{""crossover_method"": ""block""}",2,0.6434419705533069,0.6434419705533069,0.5466666666666667,0.64,0.7436592449932541,137.37,19,0.5333333333333333
tournament,2,"{""crossover_method"": ""block"", ""mutation_method"": ""flip""}",0,0.6602633397412511,0.6602633397412511,0.7599999999999999,0.48,0.7407900192237533,148.47,24,0.8333333333333334
tournament,2,"{""crossover_method"": ""block"", ""mutation_method"": ""flip""}",1,0.6611580678428991,0.6611580678428991,0.7599999999999999,0.48,0.7434742035286974,134.21,18,0.9666666666666667
tournament,2,"{""crossover_method"": ""block"", ""mutation_method"": ""flip""}",2,0.6255232115910666,0.6255232115910666,0.5733333333333334,0.56,0.7432363014398666,143.65,29,0.7333333333333333
tournament,3,"{""crossover_method"": ""block"", ""mutation_method"": ""flip""}",0,0.6434270755768646,0.6434270755768646,0.5466666666666667,0.64,0.7436145600639272,131.23,30,0.8
tournament,3,"{""crossover_method"": ""block"", ""mutation_method"": ""flip""}",1,0.6419696878182091,0.6419696878182091,0.5466666666666667,0.64,0.7392423967879608,141.47,28,0.8
tournament,3,"{""crossover_method"": ""block"", ""mutation_method"": ""flip""}",2,0.6611873877109176,0.6611873877109176,0.7599999999999999,0.48,0.743562163132753,144.73,26,0.7333333333333333
tournament,5,"{""crossover_method"": ""block"", ""mutation_method"": ""flip""}",0,0.6434270755768646,0.6434270755768646,0.5466666666666667,0.64,0.7436145600639272,144.79,28,0.6666666666666666
tournament,5,"{""crossover_method"": ""block"", ""mutation_method"": ""flip""}",1,0.6611580678428991,0.6611580678428991,0.7599999999999999,0.48,0.7434742035286974,144.27,28,0.6333333333333333
tournament,5,"{""crossover_method"": ""block"", ""mutation_method"": ""flip""}",2,0.6432239043786958,0.6432239043786958,0.5466666666666667,0.64,0.7430050464694208,144.38,27,0.6666666666666666
elite,0,"{""crossover_method"": ""block"", ""mutation_method"": ""flip"", ""tournament_size"": 3}",0,0.6345951262810052,0.6345951262810052,0.6,0.56,0.7437853788430155,145.35,23,0.8333333333333334
elite,0,"{""crossover_method"": ""block"", ""mutation_method"": ""flip"", ""tournament_size"": 3}",1,0.6608192876935091,0.6608192876935091,0.7599999999999999,0.48,0.7424578630805272,152.29,23,0.8333333333333334
elite,0,"{""crossover_method"": ""block"", ""mutation_method"": ""flip"", ""tournament_size"": 3}",2,0.6609617164430155,0.6609617164430155,0.7599999999999999,0.48,0.7428851493290467,140.96,17,0.8666666666666667
elite,2,"{""crossover_method"": ""block"", ""mutation_method"": ""flip"", ""tournament_size"": 3}",0,0.6434270755768646,0.6434270755768646,0.5466666666666667,0.64,0.7436145600639272,138.61,30,0.8
elite,2,"{""crossover_method"": ""block"", ""mutation_method"": ""flip"", ""tournament_size"": 3}",1,0.6419696878182091,0.6419696878182091,0.5466666666666667,0.64,0.7392423967879608,133.21,28,0.8
elite,2,"{""crossover_method"": ""block"", ""mutation_method"": ""flip"", ""tournament_size"": 3}",2,0.6611873877109176,0.6611873877109176,0.7599999999999999,0.48,0.743562163132753,146.11,26,0.7333333333333333
elite,4,"{""crossover_method"": ""block"", ""mutation_method"": ""flip"", ""tournament_size"": 3}",0,0.6434419705533069,0.6434419705533069,0.5466666666666667,0.64,0.7436592449932541,136.78,8,0.7333333333333333
elite,4,"{""crossover_method"": ""block"", ""mutation_method"": ""flip"", ""tournament_size"": 3}",1,0.6340211415682877,0.6340211415682877,0.6000000000000001,0.56,0.742063424704863,143.41,27,0.7333333333333333
elite,4,"{""crossover_method"": ""block"", ""mutation_method"": ""flip"", ""tournament_size"": 3}",2,0.6432239043786958,0.6432239043786958,0.5466666666666667,0.64,0.7430050464694208,142.02,30,0.5333333333333333
mut_rate,0.5x,"{""crossover_method"": ""block"", ""elite_count"": 2, ""mutation_method"": ""flip"", ""tournament_size"": 3}",0,0.6431576167259149,0.6431576167259149,0.5466666666666667,0.64,0.7428061835110781,153.25,19,0.36666666666666664
mut_rate,0.5x,"{""crossover_method"": ""block"", ""elite_count"": 2, ""mutation_method"": ""flip"", ""tournament_size"": 3}",1,0.6076092227693818,0.6076092227693818,0.6000000000000001,0.48,0.7428276683081455,145.62,10,0.6666666666666666
mut_rate,0.5x,"{""crossover_method"": ""block"", ""elite_count"": 2, ""mutation_method"": ""flip"", ""tournament_size"": 3}",2,0.6611873877109176,0.6611873877109176,0.7599999999999999,0.48,0.743562163132753,127.73,22,0.4
mut_rate,1x,"{""crossover_method"": ""block"", ""elite_count"": 2, ""mutation_method"": ""flip"", ""tournament_size"": 3}",0,0.6434270755768646,0.6434270755768646,0.5466666666666667,0.64,0.7436145600639272,128.25,30,0.8
mut_rate,1x,"{""crossover_method"": ""block"", ""elite_count"": 2, ""mutation_method"": ""flip"", ""tournament_size"": 3}",1,0.6419696878182091,0.6419696878182091,0.5466666666666667,0.64,0.7392423967879608,125.88,28,0.8
mut_rate,1x,"{""crossover_method"": ""block"", ""elite_count"": 2, ""mutation_method"": ""flip"", ""tournament_size"": 3}",2,0.6611873877109176,0.6611873877109176,0.7599999999999999,0.48,0.743562163132753,126.68,26,0.7333333333333333
mut_rate,2x,"{""crossover_method"": ""block"", ""elite_count"": 2, ""mutation_method"": ""flip"", ""tournament_size"": 3}",0,0.6433308530927676,0.6433308530927676,0.5466666666666667,0.64,0.7433258926116362,127.43,30,0.8
mut_rate,2x,"{""crossover_method"": ""block"", ""elite_count"": 2, ""mutation_method"": ""flip"", ""tournament_size"": 3}",1,0.6607061885454512,0.6607061885454512,0.7600000000000001,0.48,0.7421185656363535,127.35,30,0.9333333333333333
mut_rate,2x,"{""crossover_method"": ""block"", ""elite_count"": 2, ""mutation_method"": ""flip"", ""tournament_size"": 3}",2,0.661114053679208,0.661114053679208,0.7599999999999999,0.48,0.7433421610376242,127.01,26,1.0
scale,5,"{""crossover_method"": ""block"", ""elite_count"": 2, ""mutation_method"": ""flip"", ""rate_mult"": 1, ""tournament_size"": 3}",0,0.6434270755768646,0.49747810636033113,0.5466666666666667,0.64,0.7436145600639272,125.97,30,0.8
scale,5,"{""crossover_method"": ""block"", ""elite_count"": 2, ""mutation_method"": ""flip"", ""rate_mult"": 1, ""tournament_size"": 3}",1,0.6419696878182091,0.4951021050585024,0.5466666666666667,0.64,0.7392423967879608,126.82,28,0.8
scale,5,"{""crossover_method"": ""block"", ""elite_count"": 2, ""mutation_method"": ""flip"", ""rate_mult"": 1, ""tournament_size"": 3}",2,0.6611873877109176,0.5152271603086248,0.7599999999999999,0.48,0.743562163132753,126.67,26,0.7333333333333333
scale,10,"{""crossover_method"": ""block"", ""elite_count"": 2, ""mutation_method"": ""flip"", ""rate_mult"": 1, ""tournament_size"": 3}",0,0.6434270755768646,0.5798764268685782,0.5466666666666667,0.64,0.7436145600639272,128.32,30,0.8
scale,10,"{""crossover_method"": ""block"", ""elite_count"": 2, ""mutation_method"": ""flip"", ""rate_mult"": 1, ""tournament_size"": 3}",1,0.6419696878182091,0.5777153292918251,0.5466666666666667,0.64,0.7392423967879608,126.22,28,0.8
scale,10,"{""crossover_method"": ""block"", ""elite_count"": 2, ""mutation_method"": ""flip"", ""rate_mult"": 1, ""tournament_size"": 3}",2,0.6611873877109176,0.5976282301475528,0.7599999999999999,0.48,0.743562163132753,126.38,26,0.7333333333333333
scale,20,"{""crossover_method"": ""block"", ""elite_count"": 2, ""mutation_method"": ""flip"", ""rate_mult"": 1, ""tournament_size"": 3}",0,0.6434270755768646,0.6434270755768646,0.5466666666666667,0.64,0.7436145600639272,126.71,30,0.8
scale,20,"{""crossover_method"": ""block"", ""elite_count"": 2, ""mutation_method"": ""flip"", ""rate_mult"": 1, ""tournament_size"": 3}",1,0.6419696878182091,0.6419696878182091,0.5466666666666667,0.64,0.7392423967879608,127.86,28,0.8
scale,20,"{""crossover_method"": ""block"", ""elite_count"": 2, ""mutation_method"": ""flip"", ""rate_mult"": 1, ""tournament_size"": 3}",2,0.6611873877109176,0.6611873877109176,0.7599999999999999,0.48,0.743562163132753,137.53,26,0.7333333333333333
scale,40,"{""crossover_method"": ""block"", ""elite_count"": 2, ""mutation_method"": ""flip"", ""rate_mult"": 1, ""tournament_size"": 3}",0,0.6434270755768646,0.6829991848241532,0.5466666666666667,0.64,0.7436145600639272,130.93,30,0.8
scale,40,"{""crossover_method"": ""block"", ""elite_count"": 2, ""mutation_method"": ""flip"", ""rate_mult"": 1, ""tournament_size"": 3}",1,0.6419696878182091,0.682152910894978,0.5466666666666667,0.64,0.7392423967879608,132.19,28,0.8
scale,40,"{""crossover_method"": ""block"", ""elite_count"": 2, ""mutation_method"": ""flip"", ""rate_mult"": 1, ""tournament_size"": 3}",2,0.6611873877109176,0.7007668354270549,0.7599999999999999,0.48,0.743562163132753,131.6,26,0.7333333333333333
scale,80,"{""crossover_method"": ""block"", ""elite_count"": 2, ""mutation_method"": ""flip"", ""rate_mult"": 1, ""tournament_size"": 3}",0,0.6434270755768646,0.7050947987696148,0.5466666666666667,0.64,0.7436145600639272,131.68,30,0.8
scale,80,"{""crossover_method"": ""block"", ""elite_count"": 2, ""mutation_method"": ""flip"", ""rate_mult"": 1, ""tournament_size"": 3}",1,0.6419696878182091,0.704638799649776,0.5466666666666667,0.64,0.7392423967879608,129.86,28,0.8
scale,80,"{""crossover_method"": ""block"", ""elite_count"": 2, ""mutation_method"": ""flip"", ""rate_mult"": 1, ""tournament_size"": 3}",2,0.6611873877109176,0.7228671236770918,0.7599999999999999,0.48,0.743562163132753,129.35,26,0.7333333333333333
weights,equal,"{""crossover_method"": ""block"", ""elite_count"": 2, ""fitness_kwargs"": {""similarity_scale"": 20.0}, ""mutation_method"": ""flip"", ""rate_mult"": 1, ""tournament_size"": 3}",0,0.6434270755768646,0.6434270755768646,0.5466666666666667,0.64,0.7436145600639272,156.84,30,0.8
weights,equal,"{""crossover_method"": ""block"", ""elite_count"": 2, ""fitness_kwargs"": {""similarity_scale"": 20.0}, ""mutation_method"": ""flip"", ""rate_mult"": 1, ""tournament_size"": 3}",1,0.6419696878182091,0.6419696878182091,0.5466666666666667,0.64,0.7392423967879608,130.57,28,0.8
weights,equal,"{""crossover_method"": ""block"", ""elite_count"": 2, ""fitness_kwargs"": {""similarity_scale"": 20.0}, ""mutation_method"": ""flip"", ""rate_mult"": 1, ""tournament_size"": 3}",2,0.6611873877109176,0.6611873877109176,0.7599999999999999,0.48,0.743562163132753,131.12,26,0.7333333333333333
weights,sim-heavy,"{""crossover_method"": ""block"", ""elite_count"": 2, ""fitness_kwargs"": {""similarity_scale"": 20.0}, ""mutation_method"": ""flip"", ""rate_mult"": 1, ""tournament_size"": 3}",0,0.6434270755768646,0.6835020693716897,0.5466666666666667,0.64,0.7436145600639272,135.87,30,0.8
weights,sim-heavy,"{""crossover_method"": ""block"", ""elite_count"": 2, ""fitness_kwargs"": {""similarity_scale"": 20.0}, ""mutation_method"": ""flip"", ""rate_mult"": 1, ""tournament_size"": 3}",1,0.6419696878182091,0.6808787714061098,0.5466666666666667,0.64,0.7392423967879608,156.24,28,0.8
weights,sim-heavy,"{""crossover_method"": ""block"", ""elite_count"": 2, ""fitness_kwargs"": {""similarity_scale"": 20.0}, ""mutation_method"": ""flip"", ""rate_mult"": 1, ""tournament_size"": 3}",2,0.6611873877109176,0.6941372978796518,0.7599999999999999,0.48,0.743562163132753,68.39,26,0.7333333333333333
weights,struct-heavy,"{""crossover_method"": ""block"", ""elite_count"": 2, ""fitness_kwargs"": {""similarity_scale"": 20.0}, ""mutation_method"": ""flip"", ""rate_mult"": 1, ""tournament_size"": 3}",0,0.6434270755768646,0.6233895786794521,0.5466666666666667,0.64,0.7436145600639272,62.42,30,0.8
weights,struct-heavy,"{""crossover_method"": ""block"", ""elite_count"": 2, ""fitness_kwargs"": {""similarity_scale"": 20.0}, ""mutation_method"": ""flip"", ""rate_mult"": 1, ""tournament_size"": 3}",1,0.6419696878182091,0.6225151460242588,0.5466666666666667,0.64,0.7392423967879608,163.99,28,0.8
weights,struct-heavy,"{""crossover_method"": ""block"", ""elite_count"": 2, ""fitness_kwargs"": {""similarity_scale"": 20.0}, ""mutation_method"": ""flip"", ""rate_mult"": 1, ""tournament_size"": 3}",2,0.6611873877109176,0.6447124326265506,0.7599999999999999,0.48,0.743562163132753,176.71,26,0.7333333333333333
grid,6,"{""crossover_method"": ""block"", ""elite_count"": 2, ""fitness_kwargs"": {""loop_weight"": 0.3333333333333333, ""similarity_scale"": 20.0, ""similarity_weight"": 0.3333333333333333, ""symmetry_weight"": 0.3333333333333333}, ""mutation_method"": ""flip"", ""rate_mult"": 1, ""tournament_size"": 3}",0,0.6434270755768646,0.6434270755768646,0.5466666666666667,0.64,0.7436145600639272,162.68,30,0.8
grid,6,"{""crossover_method"": ""block"", ""elite_count"": 2, ""fitness_kwargs"": {""loop_weight"": 0.3333333333333333, ""similarity_scale"": 20.0, ""similarity_weight"": 0.3333333333333333, ""symmetry_weight"": 0.3333333333333333}, ""mutation_method"": ""flip"", ""rate_mult"": 1, ""tournament_size"": 3}",1,0.6419696878182091,0.6419696878182091,0.5466666666666667,0.64,0.7392423967879608,160.95,28,0.8
grid,6,"{""crossover_method"": ""block"", ""elite_count"": 2, ""fitness_kwargs"": {""loop_weight"": 0.3333333333333333, ""similarity_scale"": 20.0, ""similarity_weight"": 0.3333333333333333, ""symmetry_weight"": 0.3333333333333333}, ""mutation_method"": ""flip"", ""rate_mult"": 1, ""tournament_size"": 3}",2,0.6611873877109176,0.6611873877109176,0.7599999999999999,0.48,0.743562163132753,143.36,26,0.7333333333333333
grid,8,"{""crossover_method"": ""block"", ""elite_count"": 2, ""fitness_kwargs"": {""loop_weight"": 0.3333333333333333, ""similarity_scale"": 20.0, ""similarity_weight"": 0.3333333333333333, ""symmetry_weight"": 0.3333333333333333}, ""mutation_method"": ""flip"", ""rate_mult"": 1, ""tournament_size"": 3}",0,0.6678390931858315,0.6678390931858315,0.6870748299319728,0.5306122448979592,0.7858302047275625,243.67,30,0.8666666666666667
grid,8,"{""crossover_method"": ""block"", ""elite_count"": 2, ""fitness_kwargs"": {""loop_weight"": 0.3333333333333333, ""similarity_scale"": 20.0, ""similarity_weight"": 0.3333333333333333, ""symmetry_weight"": 0.3333333333333333}, ""mutation_method"": ""flip"", ""rate_mult"": 1, ""tournament_size"": 3}",1,0.7536802010764937,0.7536802010764937,0.8231292517006802,0.6530612244897959,0.7848501270390053,246.5,30,0.7666666666666667
grid,8,"{""crossover_method"": ""block"", ""elite_count"": 2, ""fitness_kwargs"": {""loop_weight"": 0.3333333333333333, ""similarity_scale"": 20.0, ""similarity_weight"": 0.3333333333333333, ""symmetry_weight"": 0.3333333333333333}, ""mutation_method"": ""flip"", ""rate_mult"": 1, ""tournament_size"": 3}",2,0.709533376039504,0.709533376039504,0.7687074829931974,0.5714285714285714,0.788464073696743,264.95,29,0.8333333333333334
grid,10,"{""crossover_method"": ""block"", ""elite_count"": 2, ""fitness_kwargs"": {""loop_weight"": 0.3333333333333333, ""similarity_scale"": 20.0, ""similarity_weight"": 0.3333333333333333, ""symmetry_weight"": 0.3333333333333333}, ""mutation_method"": ""flip"", ""rate_mult"": 1, ""tournament_size"": 3}",0,0.7187445594041336,0.7187445594041336,0.6460905349794238,0.7160493827160493,0.7940937605169278,329.72,30,0.8
grid,10,"{""crossover_method"": ""block"", ""elite_count"": 2, ""fitness_kwargs"": {""loop_weight"": 0.3333333333333333, ""similarity_scale"": 20.0, ""similarity_weight"": 0.3333333333333333, ""symmetry_weight"": 0.3333333333333333}, ""mutation_method"": ""flip"", ""rate_mult"": 1, ""tournament_size"": 3}",1,0.7407350140186253,0.7407350140186253,0.7366255144032922,0.691358024691358,0.794221502961226,352.32,30,0.9666666666666667
grid,10,"{""crossover_method"": ""block"", ""elite_count"": 2, ""fitness_kwargs"": {""loop_weight"": 0.3333333333333333, ""similarity_scale"": 20.0, ""similarity_weight"": 0.3333333333333333, ""symmetry_weight"": 0.3333333333333333}, ""mutation_method"": ""flip"", ""rate_mult"": 1, ""tournament_size"": 3}",2,0.6880419708564254,0.6880419708564254,0.6790123456790124,0.5925925925925926,0.7925209742976715,334.5,29,0.9666666666666667
